{
    "num_processed_samples": 30,
    "word_error_rate": 0.04553734061930783,
    "character_error_rate": 0.014976174268209666,
    "latency": {
        "total_seconds": 2.981097411999997,
        "average_ms": 99.36991373333323,
        "median_ms": 70.32770800000065,
        "min_ms": 51.857208000001265,
        "max_ms": 432.8385409999988,
        "std_ms": 72.14900691671427
    }
}