{
    "num_processed_samples": 30,
    "word_error_rate": 0.04553734061930783,
    "character_error_rate": 0.014976174268209666,
    "latency": {
        "total_seconds": 3.0330933310000034,
        "average_ms": 101.10311103333342,
        "median_ms": 71.36883350000022,
        "min_ms": 53.163624999999826,
        "max_ms": 384.609124999999,
        "std_ms": 66.79244072873902
    }
}